Workbook

Sheet Tracker
A1: PROJECT TRACKER
A2: CATEGORY | B2: ACTION | C2: STATUS | D2: PRIORITY | E2: HOURS | F2: START | G2: FINISH | H2: DURATION (DAYS) | I2: NOTES AND COMMENTS
A3: US-01 | As a user, I want to be able to see a dynamic UI that is updated after each message I send rather than a conversational back-and-forth with UI components. | E3: =SUM(E4:E6) -> 5 | F3: 46120 | G3: 46120 | H3: =IF(AND(F3<>"",G3<>""),G3-F3+1,"") -> 1 | K3: Total for Week | L3: =SUMIFS(E:E, C:C, "Complete", A:A, "*Task*", G:G, ">=" & DATE(2026,5,10), G:G, "<=" & DATE(2026,5,16)) -> 11
A4: ↳ Task | B4: Remove UI Components from convo output (keep final summary) | C4: Complete | D4: Medium | E4: 1 | F4: 46120 | G4: 46120 | H4: =IF(AND(F4<>"",G4<>""),G4-F4+1,"") -> 1
A5: ↳ Task | B5: Move UI Drawer components into main area of UI | C5: Complete | D5: Medium | E5: 2 | F5: 46120 | G5: 46120 | H5: =IF(AND(F5<>"",G5<>""),G5-F5+1,"") -> 1
A6: ↳ Task | B6: Move current chat (user query, llm final summary) to floating window | C6: Complete | D6: Medium | E6: 2 | F6: 46120 | G6: 46120 | H6: =IF(AND(F6<>"",G6<>""),G6-F6+1,"") -> 1
A7: US-02 | As a user, I need to be able to see live/real-time data being streamed from backend to UI components. | E7: =SUM(E8:E10) -> 14 | F7: 46120 | G7: 46125 | H7: =IF(AND(F7<>"",G7<>""),G7-F7+1,"") -> 6
A8: ↳ Task | B8: Research whether to send live updates like this MCP -> Orchestrator -> UI or MCP -> UI | C8: Complete | D8: High | E8: 1 | F8: 46120 | G8: 46120 | H8: =IF(AND(F8<>"",G8<>""),G8-F8+1,"") -> 1 | I8: MCP -> Orchestrator -> UI
A9: ↳ Task | B9: Implement live stream using websockets | C9: Complete | D9: High | E9: 8 | F9: 46120 | G9: 46121 | H9: =IF(AND(F9<>"",G9<>""),G9-F9+1,"") -> 2
A10: ↳ Task | B10: Test accuracy and performance | C10: Complete | D10: Low | E10: 5 | F10: 46121 | G10: 46125 | H10: =IF(AND(F10<>"",G10<>""),G10-F10+1,"") -> 5
A11: US-03 | As a user, I want to be able to use this system on Desktop, Browser, Tablet, Mobile, Watch, and TV. | E11: =SUM(E12:E14) -> 31 | H11: =IF(AND(F11<>"",G11<>""),G11-F11+1,"")
A12: ↳ Task | B12: Convert React frontend to Flutter | C12: Ready to Start | D12: Low | E12: 21 | H12: =IF(AND(F12<>"",G12<>""),G12-F12+1,"")
A13: ↳ Task | B13: Connect Watch + TV to mobile device related to user (QR code shown on screen, scanned by mobile) | C13: Ready to Start | D13: Low | E13: 8 | H13: =IF(AND(F13<>"",G13<>""),G13-F13+1,"")
A14: ↳ Task | B14: Notification preferences | C14: Ready to Start | D14: Low | E14: 2 | H14: =IF(AND(F14<>"",G14<>""),G14-F14+1,"")
A15: US-04 | As a user, I need to be able to see the audit log of agent actions. | E15: =SUM(E16:E18) -> 6 | F15: 46140 | G15: 46140 | H15: =IF(AND(F15<>"",G15<>""),G15-F15+1,"") -> 1
A16: ↳ Task | B16: Add button and container to bring up audit log. | C16: Complete | D16: High | E16: 1 | F16: 46140 | G16: 46140 | H16: =IF(AND(F16<>"",G16<>""),G16-F16+1,"") -> 1
A17: ↳ Task | B17: Save all agent actions in database. | C17: Complete | D17: High | E17: 2 | F17: 46140 | G17: 46140 | H17: =IF(AND(F17<>"",G17<>""),G17-F17+1,"") -> 1
A18: ↳ Task | B18: Connect frontend to backend to display agent audits. | C18: Complete | D18: High | E18: 3 | F18: 46140 | G18: 46140 | H18: =IF(AND(F18<>"",G18<>""),G18-F18+1,"") -> 1
A19: US-05 | As a user, I need to be able to upload a variety of file types. | E19: =SUM(E20:E23) -> 11 | F19: 46125 | G19: 46129 | H19: =IF(AND(F19<>"",G19<>""),G19-F19+1,"") -> 5
A20: ↳ Task | B20: Add support for "normal" file type uploads (png, jpeg, md, csv, etc) | C20: Complete | D20: Medium | E20: 2 | F20: 46125 | G20: 46125 | H20: =IF(AND(F20<>"",G20<>""),G20-F20+1,"") -> 1
A21: ↳ Task | B21: Test normal file upload | C21: Complete | D21: Medium | E21: 2 | F21: 46125 | G21: 46125 | H21: =IF(AND(F21<>"",G21<>""),G21-F21+1,"") -> 1
A22: ↳ Task | B22: Add support for medical specific file type uploads (dicom, nzi, czi, etc) | C22: Complete | D22: Medium | E22: 2 | F22: 46129 | G22: 46129 | H22: =IF(AND(F22<>"",G22<>""),G22-F22+1,"") -> 1
A23: ↳ Task | B23: Create tools to read these files and return data. | C23: Complete | D23: Medium | E23: 5 | F23: 46129 | G23: 46129 | H23: =IF(AND(F23<>"",G23<>""),G23-F23+1,"") -> 1
A24: US-06 | As a user, I want to be able to provide feedback on the output of components. As a developer, I want the system to take this feedback and auto update tools that continue to produce errors. | E24: =SUM(E25:E27) -> 10 | F24: 46140 | G24: 46143 | H24: =IF(AND(F24<>"",G24<>""),G24-F24+1,"") -> 4
A25: ↳ Task | B25: Add thumbs up/down -> if thumbs down then show modal for feedback. | C25: Complete | D25: Low | E25: 1 | F25: 46140 | G25: 46140 | H25: =IF(AND(F25<>"",G25<>""),G25-F25+1,"") -> 1
A26: ↳ Task | B26: Use the secondary LLM to read feedback and propose changes (every day), possibly create a PR for review. | C26: Complete | D26: Low | E26: 1 | F26: 46140 | G26: 46140 | H26: =IF(AND(F26<>"",G26<>""),G26-F26+1,"") -> 1
A27: ↳ Task | B27: Create tools to read these files and return data. | C27: Complete | D27: Low | E27: 8 | F27: 46140 | G27: 46140 | H27: =IF(AND(F27<>"",G27<>""),G27-F27+1,"") -> 1
A28: US-07 | As a developer, I need mock auth logic to test the system without having to actually log into the system. | E28: =SUM(E29:E29) -> 2 | F28: 46125 | G28: 46129 | H28: =IF(AND(F28<>"",G28<>""),G28-F28+1,"") -> 5
A29: ↳ Task | B29: Reconnect VITE_MOCK_AUTH environment variable back to the system (or fix where its broken). | C29: Complete | D29: Medium | E29: 2 | F29: 46125 | G29: 46129 | H29: =IF(AND(F29<>"",G29<>""),G29-F29+1,"") -> 5
A30: US-08 | As a user, I want tool tips and a getting started tutorial. | E30: =SUM(E31:E34) -> 6 | F30: 46140 | G30: 46140 | H30: =IF(AND(F30<>"",G30<>""),G30-F30+1,"") -> 1
A31: ↳ Task | B31: Write a guide. | C31: Complete | D31: Low | E31: 1 | F31: 46140 | G31: 46140 | H31: =IF(AND(F31<>"",G31<>""),G31-F31+1,"") -> 1
A32: ↳ Task | B32: Add first user tutorial/walkthrough. | C32: Complete | D32: Low | E32: 3 | F32: 46140 | G32: 46140 | H32: =IF(AND(F32<>"",G32<>""),G32-F32+1,"") -> 1
A33: ↳ Task | B33: Warning about not HIPAA compliant. | C33: Complete | D33: Low | E33: 1 | F33: 46140 | G33: 46140 | H33: =IF(AND(F33<>"",G33<>""),G33-F33+1,"") -> 1
A34: ↳ Task | B34: Add it to the navbar as a link. | C34: Complete | D34: Low | E34: 1 | F34: 46140 | G34: 46140 | H34: =IF(AND(F34<>"",G34<>""),G34-F34+1,"") -> 1
A35: US-09 | As a user, I want to use my own LLM subscription. | E35: =SUM(E36:E37) -> 4 | F35: 46140 | G35: 46140 | H35: =IF(AND(F35<>"",G35<>""),G35-F35+1,"") -> 1
A36: ↳ Task | B36: Research if Astral can see the amount of tokens left. | C36: Complete | D36: Low | E36: 1 | F36: 46140 | G36: 46140 | H36: =IF(AND(F36<>"",G36<>""),G36-F36+1,"") -> 1 | I36: Can't see if you are going to run out of tokens :(, but will add token usage to frontend.
A37: ↳ Task | B37: Move LLM .env vars to frontend. | C37: Complete | D37: Low | E37: 3 | F37: 46140 | G37: 46140 | H37: =IF(AND(F37<>"",G37<>""),G37-F37+1,"") -> 1
A38: US-10 | As a user, I want a condensed view of all the sidebar buttons. | E38: =SUM(E39:E39) -> 2 | F38: 46142 | G38: 46142 | H38: =IF(AND(F38<>"",G38<>""),G38-F38+1,"") -> 1
A39: ↳ Task | B39: Add a settings/options/something button that shows all the new buttons (audit, tutorial,etc) | C39: Complete | D39: Medium | E39: 2 | F39: 46142 | G39: 46142 | H39: =IF(AND(F39<>"",G39<>""),G39-F39+1,"") -> 1
A40: US-11 | As a user, I want the new chat button to be on the sidebar above recent chats. | E40: =SUM(E41:E41) -> 1 | F40: 46148 | G40: 46148 | H40: =IF(AND(F40<>"",G40<>""),G40-F40+1,"") -> 1
A41: ↳ Task | B41: Move new chat button in navbar to sidebar only. | C41: Complete | D41: Low | E41: 1 | F41: 46148 | G41: 46148 | H41: =IF(AND(F41<>"",G41<>""),G41-F41+1,"") -> 1
A42: US-12 | As a user, I want the screen not to flash on page load and when new UI components are being added to the screen. | E42: =SUM(E43:E44) -> 6 | F42: 46143 | G42: 46143 | H42: =IF(AND(F42<>"",G42<>""),G42-F42+1,"") -> 1
A43: ↳ Task | B43: Investigate why this is happening. | C43: Complete | D43: High | E43: 1 | F43: 46143 | G43: 46143 | H43: =IF(AND(F43<>"",G43<>""),G43-F43+1,"") -> 1
A44: ↳ Task | B44: Implement fix. | C44: Complete | D44: High | E44: 5 | F44: 46143 | G44: 46143 | H44: =IF(AND(F44<>"",G44<>""),G44-F44+1,"") -> 1
A45: US-13 | As a user, I want to be able to create and test a new agent through the UI. | E45: =SUM(E46:E51) -> 16 | F45: 46143 | G45: 46148 | H45: =IF(AND(F45<>"",G45<>""),G45-F45+1,"") -> 6
A46: ↳ Task | B46: Fix the Agent creation flow to get to the agent test screen. | C46: Complete | D46: High | E46: 3 | F46: 46143 | G46: 46145 | H46: =IF(AND(F46<>"",G46<>""),G46-F46+1,"") -> 3
A47: ↳ Task | B47: Have the draft agent actually start running and responding to the user. | C47: Complete | D47: High | E47: 3 | F47: 46143 | G47: 46145 | H47: =IF(AND(F47<>"",G47<>""),G47-F47+1,"") -> 3
A48: ↳ Task | B48: Have the draft agent, on approval, get addded to the list of live agents. | C48: Complete | D48: High | E48: 2 | F48: 46143 | G48: 46145 | H48: =IF(AND(F48<>"",G48<>""),G48-F48+1,"") -> 3
A49: ↳ Task | B49: Make the agent the user created appear in my agents, not just public agents? | C49: Complete | D49: High | E49: 3 | F49: 46148 | G49: 46148 | H49: =IF(AND(F49<>"",G49<>""),G49-F49+1,"") -> 1
A50: ↳ Task | B50: Make it clear what agent is being used when I start a new chat or message | C50: Complete | D50: Medium | E50: 2 | F50: 46148 | G50: 46148 | H50: =IF(AND(F50<>"",G50<>""),G50-F50+1,"") -> 1
A51: ↳ Task | B51: The read writes etc that we turn on should be specific for each tool, make the 'i' pop-ups appear before the on button is switched on | C51: Complete | D51: Medium | E51: 3 | F51: 46148 | G51: 46148 | H51: =IF(AND(F51<>"",G51<>""),G51-F51+1,"") -> 1
A52: US-14 | As a user, I want to select the tools I want to call with a query. | E52: =SUM(E53:E53) -> 8 | F52: 46148 | G52: 46148 | H52: =IF(AND(F52<>"",G52<>""),G52-F52+1,"") -> 1
A53: ↳ Task | B53: Add option in chat to allow user to pick which tools they want to use. | C53: Complete | D53: Medium | E53: 8 | F53: 46148 | G53: 46148 | H53: =IF(AND(F53<>"",G53<>""),G53-F53+1,"") -> 1
A54: ↳ Task | B54: Test to make sure system still respects the scopes and only looks at selected tools for a query. | C54: Complete | D54: Medium | E54: 3 | F54: 46148 | G54: 46148 | H54: =IF(AND(F54<>"",G54<>""),G54-F54+1,"") -> 1
A55: US-15 | As a user, I want to see progress notifications in the chat when my query is being processed. | E55: =SUM(E56:E57) -> 8 | F55: 46148 | G55: 46148 | H55: =IF(AND(F55<>"",G55<>""),G55-F55+1,"") -> 1
A56: ↳ Task | B56: While waiting for tools to be aggregated, display messages like how claude does it: "sussing…, clauding…" etc. | C56: Complete | D56: Medium | E56: 5 | F56: 46148 | G56: 46148 | H56: =IF(AND(F56<>"",G56<>""),G56-F56+1,"") -> 1
A57: ↳ Task | B57: Output the steps that the system is taking. Instead of showing which tools are being called in the processing message, have those messages persist in the chat so a user can see what is being called. | C57: Complete | D57: Medium | E57: 3 | F57: 46148 | G57: 46148 | H57: =IF(AND(F57<>"",G57<>""),G57-F57+1,"") -> 1
A58: US-16 | As a user, I want realtime voice in/out with the system. | E58: =SUM(E59:E60) -> 7 | H58: =IF(AND(F58<>"",G58<>""),G58-F58+1,"")
A59: ↳ Task | B59: Investigate this openai article and see how they are doing it: https://openai.com/index/delivering-low-latency-voice-ai-at-scale/ | C59: Ready to Start | D59: Low | E59: 2 | H59: =IF(AND(F59<>"",G59<>""),G59-F59+1,"")
A60: ↳ Task | B60: Attempt to make the current voice in/out system based on the openai article to scale. | C60: Ready to Start | D60: Low | E60: 5 | H60: =IF(AND(F60<>"",G60<>""),G60-F60+1,"")
A61: US-17 | As a user, I want a better tutorial that won't make me want to skip it as soon as I see it. | E61: =SUM(E62:E64) -> 9 | H61: =IF(AND(F61<>"",G61<>""),G61-F61+1,"")
A62: ↳ Task | B62: Investigate this article and see how they are doing it: https://productonboarding.com/articles/why-product-tours-get-skipped | C62: Ready to Start | D62: Low | E62: 2 | H62: =IF(AND(F62<>"",G62<>""),G62-F62+1,"")
A63: ↳ Task | B63: Udpate the tutorial code to be less intrusive. | C63: Ready to Start | D63: Low | E63: 5 | H63: =IF(AND(F63<>"",G63<>""),G63-F63+1,"")
A64: ↳ Task | B64: Write better steps in the tutorial. | C64: Ready to Start | D64: Low | E64: 2 | H64: =IF(AND(F64<>"",G64<>""),G64-F64+1,"")
A65: US-18 | As a user, I want a cohesive, unified generated UI instead of the components being sectioned off in their own components. | E65: =SUM(E66:E67) -> 8 | F65: 46155 | H65: =IF(AND(F65<>"",G65<>""),G65-F65+1,"")
A66: ↳ Task | B66: Remove the UI containers. | C66: In Progress | D66: Medium | E66: 3 | F66: 46155 | H66: =IF(AND(F66<>"",G66<>""),G66-F66+1,"")
A67: ↳ Task | B67: Autocondense UI and make it scrollable. | C67: In Progress | D67: Medium | E67: 5 | F67: 46155 | H67: =IF(AND(F67<>"",G67<>""),G67-F67+1,"")
A68: US-19 | As a developer, I want to connect Classify, forecaster, and LLM factory as agents to this system. | E68: =SUM(E69:E71) -> 11 | F68: 46149 | G68: 46155 | H68: =IF(AND(F68<>"",G68<>""),G68-F68+1,"") -> 7
A69: ↳ Task | B69: Create agent for Classify | C69: Complete | D69: High | E69: 5 | F69: 46149 | G69: 46153 | H69: =IF(AND(F69<>"",G69<>""),G69-F69+1,"") -> 5
A70: ↳ Task | B70: Create agent for Forecaster | C70: Complete | D70: High | E70: 3 | F70: 46149 | G70: 46155 | H70: =IF(AND(F70<>"",G70<>""),G70-F70+1,"") -> 7
A71: ↳ Task | B71: Create agent for LLM Factory | C71: Complete | D71: High | E71: 3 | F71: 46149 | G71: 46155 | H71: =IF(AND(F71<>"",G71<>""),G71-F71+1,"") -> 7
A72: US-20 | As a user, I want submit queries and have them run asynchronously, so I can navigate away from the session and get a notification when it is finished. | E72: =SUM(E73:E73) -> 3 | H72: =IF(AND(F72<>"",G72<>""),G72-F72+1,"")
A73: ↳ Task | B73: Implement asynchronous | C73: Ready to Start | D73: High | E73: 3 | H73: =IF(AND(F73<>"",G73<>""),G73-F73+1,"")
A74: US-21 | As a user, I want the output ui components to be able to play sounds, if applicable. | E74: =SUM(E75:E75) -> 5 | H74: =IF(AND(F74<>"",G74<>""),G74-F74+1,"")
A75: ↳ Task | B75: Use vaidens piano agent to test ui components that play sound. | C75: Ready to Start | D75: Low | E75: 5 | H75: =IF(AND(F75<>"",G75<>""),G75-F75+1,"")
A76: US-22 | As a user, I want all the Claude agents/connectors :) | E76: =SUM(E77:E90) -> 0 | H76: =IF(AND(F76<>"",G76<>""),G76-F76+1,"")
A77: ↳ Task | B77: Claude for Excel | C77: Ready to Start | D77: Low | H77: =IF(AND(F77<>"",G77<>""),G77-F77+1,"")
A78: ↳ Task | B78: Claude for PowerPoint | C78: Ready to Start | D78: Low | H78: =IF(AND(F78<>"",G78<>""),G78-F78+1,"")
A79: ↳ Task | B79: Claude for Word | C79: Ready to Start | D79: Low | H79: =IF(AND(F79<>"",G79<>""),G79-F79+1,"")
A80: ↳ Task | B80: Claude for Outlook | C80: Ready to Start | D80: Low | H80: =IF(AND(F80<>"",G80<>""),G80-F80+1,"")
A81: ↳ Task | B81: Claude for building pitch templates, conducting validation reviews | C81: Ready to Start | D81: Low | H81: =IF(AND(F81<>"",G81<>""),G81-F81+1,"")
A82: ↳ Task | B82: Claude Adaptive Runtime Intelligence | C82: Ready to Start | D82: Low | H82: =IF(AND(F82<>"",G82<>""),G82-F82+1,"")
A83: ↳ Task | B83: Claude blender (it like debugs or batch applies changes across objects) | C83: Ready to Start | D83: Low | H83: =IF(AND(F83<>"",G83<>""),G83-F83+1,"")
A84: ↳ Task | B84: Claude Adobe Creative Cloud | C84: Ready to Start | D84: Low | H84: =IF(AND(F84<>"",G84<>""),G84-F84+1,"")
A85: ↳ Task | B85: Claude Canva Affinity | C85: Ready to Start | D85: Low | H85: =IF(AND(F85<>"",G85<>""),G85-F85+1,"")
A86: ↳ Task | B86: Claude interactive artifacts/dadhboards | C86: Ready to Start | D86: Low | H86: =IF(AND(F86<>"",G86<>""),G86-F86+1,"")
A87: ↳ Task | B87: Claude design | C87: Ready to Start | D87: Low | H87: =IF(AND(F87<>"",G87<>""),G87-F87+1,"")
A88: ↳ Task | B88: an agent that will critique constituions in spec-driven dev | C88: Ready to Start | D88: Low | H88: =IF(AND(F88<>"",G88<>""),G88-F88+1,"")
... A90: ↳ Task | B90: Claude code review | C90: Ready to Start | D90: Low | H90: =IF(AND(F90<>"",G90<>""),G90-F90+1,"")

Sheet Summary
A1: TIME & EFFORT SUMMARY DASHBOARD
A3: Total Hours | B3: Tasks Complete | C3: In Progress | D3: Ready to Start | E3: Testing
A4: =SUMIF(Tracker!C3:C185,"<>"&"",Tracker!E3:E185) -> 176 | B4: =COUNTIF(Tracker!C3:C185,"Complete") -> 40 | C4: =COUNTIF(Tracker!C3:C185,"In Progress") -> 2 | D4: =COUNTIF(Tracker!C3:C185,"Ready to Start") -> 24 | E4: =COUNTIF(Tracker!C3:C185,"Testing in Progress") -> 0
A6: Status | B6: Task Count | C6: Total Hours | D6: % of Hours | F6: Priority | G6: Tasks | H6: Hours
A7: Ready to Start | B7: =COUNTIF(Tracker!C:C,A7) -> 24 | C7: =SUMIF(Tracker!C:C,A7,Tracker!E:E) -> 55 | D7: =IFERROR(C7/SUM(C7:C10),0) -> 0.3125 | F7: High | G7: =COUNTIF(Tracker!D:D,F7) -> 15 | H7: =SUMIF(Tracker!D:D,F7,Tracker!E:E) -> 46
A8: In Progress | B8: =COUNTIF(Tracker!C:C,A8) -> 2 | C8: =SUMIF(Tracker!C:C,A8,Tracker!E:E) -> 8 | D8: =IFERROR(C8/SUM(C7:C10),0) -> 0.045454545 | F8: Medium | G8: =COUNTIF(Tracker!D:D,F8) -> 17 | H8: =SUMIF(Tracker!D:D,F8,Tracker!E:E) -> 52
A9: Testing in Progress | B9: =COUNTIF(Tracker!C:C,A9) -> 0 | C9: =SUMIF(Tracker!C:C,A9,Tracker!E:E) -> 0 | D9: =IFERROR(C9/SUM(C7:C10),0) -> 0 | F9: Low | G9: =COUNTIF(Tracker!D:D,F9) -> 34 | H9: =SUMIF(Tracker!D:D,F9,Tracker!E:E) -> 78
A10: Complete | B10: =COUNTIF(Tracker!C:C,A10) -> 40 | C10: =SUMIF(Tracker!C:C,A10,Tracker!E:E) -> 113 | D10: =IFERROR(C10/SUM(C7:C10),0) -> 0.64204545
A11: TOTAL | B11: =SUM(B7:B10) -> 66 | C11: =SUM(C7:C10) -> 176 | D11: =SUM(D7:D10) -> 1
A27: ℹ️ Hours use the Fibonacci scale (1,2,3,5,8,13,21,34,55,89). Duration on the Tracker sheet is auto-calculated: Finish − Start + 1.
